{
    "$schema": "./node_modules/@angular/cli/lib/config/schema.json",
    "project": {
        "name": "online-store-app"
    },
    "apps": [{
        "root": "src",
        "outDir": "dist",
        "assets": [
            "assets",
            "db",
            "favicon.ico"
        ],
        "index": "index.html",
        "main": "main.ts",
        "polyfills": "polyfills.ts",
        "test": "test.ts",
        "tsconfig": "tsconfig.app.json",
        "testTsconfig": "tsconfig.spec.json",
        "prefix": "app",
        "styles": [
            "styles.css",
            "../node_modules/bootstrap/dist/css/bootstrap.min.css",
            "../node_modules/ng2-slim-loading-bar/style.css"
        ],
        "scripts": [
            "../node_modules/jquery/dist/jquery.slim.min.js",
            "../node_modules/bootstrap/dist/js/bootstrap.min.js",
            "../node_modules/chart.js/dist/Chart.min.js"
        ],
        "environmentSource": "environments/environment.ts",
        "environments": {
            "dev": "environments/environment.ts",
            "prod": "environments/environment.prod.ts"
        }
    }],
    "e2e": {
        "protractor": {
            "config": "./protractor.conf.js"
        }
    },
    "lint": [{
            "project": "src/tsconfig.app.json"
        },
        {
            "project": "src/tsconfig.spec.json"
        },
        {
            "project": "e2e/tsconfig.e2e.json"
        }
    ],
    "test": {
        "karma": {
            "config": "./karma.conf.js"
        }
    },
    "defaults": {
        "styleExt": "css",
        "component": {}
    }
}