[{"student_id":"S18C-2-H-6494","student_first_name":"Gerrie","student_last_name":"Wakeman","student_gender":"Male","student_dob":"6/11/2017","parent_address":"0 Loeprich Junction","parent_contact__number":"891-962-4769","student_user_id":"gwakeman0","student_pwd":"PwgXpwFpEYSv","student_doj":"2/17/2017","student_rating":4,"student_status":true,"teacher_comments":"Nullam molestie nibh in lectus. Pellentesque at nulla. Suspendisse potenti. Cras in purus eu magna vulputate luctus. Cum sociis natoque penatibus et magnis dis parturient montes, nascetur ridiculus mus. Vivamus vestibulum sagittis sapien.","mgmt_comments":"Curabitur convallis. Duis consequat dui nec nisi volutpat eleifend. Donec ut dolor."},
{"student_id":"S18C-4-N-0667","student_first_name":"Ettore","student_last_name":"Stains","student_gender":"Male","student_dob":"1/2/2017","parent_address":"27 Hagan Trail","parent_contact__number":"758-288-5321","student_user_id":"estains1","student_pwd":"OYx7Uu","student_doj":"7/29/2017","student_rating":1,"student_status":true,"teacher_comments":"Duis bibendum, felis sed interdum venenatis, turpis enim blandit mi, in porttitor pede justo eu massa. Donec dapibus. Duis at velit eu est congue elementum. In hac habitasse platea dictumst.","mgmt_comments":"Fusce congue, diam id ornare imperdiet, sapien urna pretium nisl, ut volutpat sapien arcu sed augue. Aliquam erat volutpat. In congue."},
{"student_id":"S18C-4-N-2406","student_first_name":"Lexy","student_last_name":"Eburah","student_gender":"Female","student_dob":"7/2/2017","parent_address":"56 Arapahoe Way","parent_contact__number":"744-725-2657","student_user_id":"leburah2","student_pwd":"BB08RL7YOrGo","student_doj":"10/5/2016","student_rating":10,"student_status":true,"teacher_comments":"Donec dapibus. Duis at velit eu est congue elementum. In hac habitasse platea dictumst.","mgmt_comments":"Vestibulum quam sapien, varius ut, blandit non, interdum in, ante. Vestibulum ante ipsum primis in faucibus orci luctus et ultrices posuere cubilia Curae; Duis faucibus accumsan odio. Curabitur convallis."},
{"student_id":"S18C-9-U-0124","student_first_name":"Merrily","student_last_name":"Jiranek","student_gender":"Female","student_dob":"10/27/2016","parent_address":"7 Carioca Place","parent_contact__number":"431-770-8648","student_user_id":"mjiranek3","student_pwd":"nI8e55nyM","student_doj":"1/16/2017","student_rating":6,"student_status":false,"teacher_comments":"Phasellus id sapien in sapien iaculis congue. Vivamus metus arcu, adipiscing molestie, hendrerit at, vulputate vitae, nisl. Aenean lectus. Pellentesque eget nunc. Donec quis orci eget orci vehicula condimentum. Curabitur in libero ut massa volutpat convallis. Morbi odio odio, elementum eu, interdum eu, tincidunt in, leo.","mgmt_comments":"Morbi porttitor lorem id ligula. Suspendisse ornare consequat lectus. In est risus, auctor sed, tristique in, tempus sit amet, sem. Fusce consequat. Nulla nisl. Nunc nisl. Duis bibendum, felis sed interdum venenatis, turpis enim blandit mi, in porttitor pede justo eu massa. Donec dapibus."},
{"student_id":"S18C-9-H-2935","student_first_name":"Daisie","student_last_name":"Sherrard","student_gender":"Female","student_dob":"5/22/2017","parent_address":"53 Orin Circle","parent_contact__number":"240-514-2671","student_user_id":"dsherrard4","student_pwd":"fd81a91EG","student_doj":"2/1/2017","student_rating":8,"student_status":false,"teacher_comments":"In hac habitasse platea dictumst. Maecenas ut massa quis augue luctus tincidunt. Nulla mollis molestie lorem. Quisque ut erat. Curabitur gravida nisi at nibh. In hac habitasse platea dictumst.","mgmt_comments":"Phasellus in felis. Donec semper sapien a libero. Nam dui. Proin leo odio, porttitor id, consequat in, consequat ut, nulla. Sed accumsan felis. Ut at dolor quis odio consequat varius."},
{"student_id":"S18C-0-J-0567","student_first_name":"Marie-ann","student_last_name":"Harvatt","student_gender":"Female","student_dob":"1/27/2017","parent_address":"5956 Cherokee Place","parent_contact__number":"774-402-9451","student_user_id":"mharvatt5","student_pwd":"UN7mBJd","student_doj":"12/2/2016","student_rating":3,"student_status":false,"teacher_comments":"Mauris lacinia sapien quis libero. Nullam sit amet turpis elementum ligula vehicula consequat. Morbi a ipsum. Integer a nibh.","mgmt_comments":"Fusce lacus purus, aliquet at, feugiat non, pretium quis, lectus. Suspendisse potenti. In eleifend quam a odio. In hac habitasse platea dictumst. Maecenas ut massa quis augue luctus tincidunt. Nulla mollis molestie lorem. Quisque ut erat."},
{"student_id":"S18C-2-X-6751","student_first_name":"Corabel","student_last_name":"Elves","student_gender":"Female","student_dob":"5/6/2017","parent_address":"69 Eastlawn Park","parent_contact__number":"297-206-2870","student_user_id":"celves6","student_pwd":"DnKzG7T","student_doj":"10/11/2016","student_rating":5,"student_status":false,"teacher_comments":"Fusce posuere felis sed lacus. Morbi sem mauris, laoreet ut, rhoncus aliquet, pulvinar sed, nisl. Nunc rhoncus dui vel sem. Sed sagittis. Nam congue, risus semper porta volutpat, quam pede lobortis ligula, sit amet eleifend pede libero quis orci. Nullam molestie nibh in lectus. Pellentesque at nulla. Suspendisse potenti.","mgmt_comments":"Donec odio justo, sollicitudin ut, suscipit a, feugiat et, eros."},
{"student_id":"S18C-2-G-5406","student_first_name":"Marni","student_last_name":"Switzer","student_gender":"Female","student_dob":"8/6/2017","parent_address":"2622 Coleman Hill","parent_contact__number":"835-663-5939","student_user_id":"mswitzer7","student_pwd":"BsSuVt5Bb","student_doj":"2/27/2017","student_rating":3,"student_status":true,"teacher_comments":"Aenean lectus.","mgmt_comments":"Fusce congue, diam id ornare imperdiet, sapien urna pretium nisl, ut volutpat sapien arcu sed augue. Aliquam erat volutpat. In congue. Etiam justo. Etiam pretium iaculis justo."},
{"student_id":"S18C-9-X-4313","student_first_name":"Cheri","student_last_name":"Shimmans","student_gender":"Female","student_dob":"6/4/2017","parent_address":"76790 Utah Center","parent_contact__number":"357-444-6726","student_user_id":"cshimmans8","student_pwd":"mdRRPCOR39rq","student_doj":"2/22/2017","student_rating":2,"student_status":true,"teacher_comments":"Proin interdum mauris non ligula pellentesque ultrices. Phasellus id sapien in sapien iaculis congue. Vivamus metus arcu, adipiscing molestie, hendrerit at, vulputate vitae, nisl. Aenean lectus. Pellentesque eget nunc. Donec quis orci eget orci vehicula condimentum. Curabitur in libero ut massa volutpat convallis. Morbi odio odio, elementum eu, interdum eu, tincidunt in, leo. Maecenas pulvinar lobortis est.","mgmt_comments":"Vivamus vestibulum sagittis sapien. Cum sociis natoque penatibus et magnis dis parturient montes, nascetur ridiculus mus."},
{"student_id":"S18C-9-N-0642","student_first_name":"Elie","student_last_name":"McKeand","student_gender":"Female","student_dob":"8/11/2017","parent_address":"2118 Gulseth Road","parent_contact__number":"978-944-2296","student_user_id":"emckeand9","student_pwd":"PgPrgBF","student_doj":"3/17/2017","student_rating":8,"student_status":false,"teacher_comments":"Maecenas pulvinar lobortis est. Phasellus sit amet erat. Nulla tempus. Vivamus in felis eu sapien cursus vestibulum. Proin eu mi.","mgmt_comments":"Vestibulum ante ipsum primis in faucibus orci luctus et ultrices posuere cubilia Curae; Duis faucibus accumsan odio. Curabitur convallis. Duis consequat dui nec nisi volutpat eleifend. Donec ut dolor. Morbi vel lectus in quam fringilla rhoncus. Mauris enim leo, rhoncus sed, vestibulum sit amet, cursus id, turpis."},
{"student_id":"S18C-8-G-5984","student_first_name":"Zondra","student_last_name":"Litherland","student_gender":"Female","student_dob":"4/24/2017","parent_address":"68419 Brentwood Place","parent_contact__number":"321-163-2768","student_user_id":"zlitherlanda","student_pwd":"LMtnZ3Pk28","student_doj":"9/12/2017","student_rating":3,"student_status":true,"teacher_comments":"Donec posuere metus vitae ipsum. Aliquam non mauris. Morbi non lectus. Aliquam sit amet diam in magna bibendum imperdiet. Nullam orci pede, venenatis non, sodales sed, tincidunt eu, felis. Fusce posuere felis sed lacus. Morbi sem mauris, laoreet ut, rhoncus aliquet, pulvinar sed, nisl. Nunc rhoncus dui vel sem. Sed sagittis. Nam congue, risus semper porta volutpat, quam pede lobortis ligula, sit amet eleifend pede libero quis orci.","mgmt_comments":"Aliquam quis turpis eget elit sodales scelerisque. Mauris sit amet eros. Suspendisse accumsan tortor quis turpis. Sed ante. Vivamus tortor. Duis mattis egestas metus. Aenean fermentum."},
{"student_id":"S18C-1-I-9165","student_first_name":"Hector","student_last_name":"Gres","student_gender":"Male","student_dob":"12/3/2016","parent_address":"41161 Northridge Alley","parent_contact__number":"373-723-7554","student_user_id":"hgresb","student_pwd":"nkqiIVH3","student_doj":"6/3/2017","student_rating":2,"student_status":false,"teacher_comments":"Nam congue, risus semper porta volutpat, quam pede lobortis ligula, sit amet eleifend pede libero quis orci. Nullam molestie nibh in lectus. Pellentesque at nulla. Suspendisse potenti. Cras in purus eu magna vulputate luctus. Cum sociis natoque penatibus et magnis dis parturient montes, nascetur ridiculus mus. Vivamus vestibulum sagittis sapien.","mgmt_comments":"Duis mattis egestas metus. Aenean fermentum."},
{"student_id":"S18C-7-G-5180","student_first_name":"Natassia","student_last_name":"Bowton","student_gender":"Female","student_dob":"6/11/2017","parent_address":"90 Schmedeman Hill","parent_contact__number":"648-593-7765","student_user_id":"nbowtonc","student_pwd":"dnL8r4DbLZn","student_doj":"4/1/2017","student_rating":4,"student_status":true,"teacher_comments":"Pellentesque ultrices mattis odio. Donec vitae nisi. Nam ultrices, libero non mattis pulvinar, nulla pede ullamcorper augue, a suscipit nulla elit ac nulla. Sed vel enim sit amet nunc viverra dapibus.","mgmt_comments":"Morbi sem mauris, laoreet ut, rhoncus aliquet, pulvinar sed, nisl. Nunc rhoncus dui vel sem. Sed sagittis. Nam congue, risus semper porta volutpat, quam pede lobortis ligula, sit amet eleifend pede libero quis orci. Nullam molestie nibh in lectus."},
{"student_id":"S18C-1-C-0482","student_first_name":"Avivah","student_last_name":"Deesly","student_gender":"Female","student_dob":"12/21/2016","parent_address":"89181 Westerfield Place","parent_contact__number":"448-703-6897","student_user_id":"adeeslyd","student_pwd":"JqYEJ4vILuw","student_doj":"6/8/2017","student_rating":2,"student_status":false,"teacher_comments":"Phasellus id sapien in sapien iaculis congue. Vivamus metus arcu, adipiscing molestie, hendrerit at, vulputate vitae, nisl. Aenean lectus. Pellentesque eget nunc. Donec quis orci eget orci vehicula condimentum.","mgmt_comments":"Nulla neque libero, convallis eget, eleifend luctus, ultricies eu, nibh. Quisque id justo sit amet sapien dignissim vestibulum. Vestibulum ante ipsum primis in faucibus orci luctus et ultrices posuere cubilia Curae; Nulla dapibus dolor vel est. Donec odio justo, sollicitudin ut, suscipit a, feugiat et, eros. Vestibulum ac est lacinia nisi venenatis tristique."},
{"student_id":"S18C-5-B-6569","student_first_name":"Doris","student_last_name":"Chaston","student_gender":"Female","student_dob":"3/3/2017","parent_address":"09 Bartelt Road","parent_contact__number":"732-843-1605","student_user_id":"dchastone","student_pwd":"CquF0GFLHkM","student_doj":"6/3/2017","student_rating":4,"student_status":true,"teacher_comments":"Proin eu mi.","mgmt_comments":"Nulla tempus. Vivamus in felis eu sapien cursus vestibulum."},
{"student_id":"S18C-9-C-0022","student_first_name":"Al","student_last_name":"Swalowe","student_gender":"Male","student_dob":"4/20/2017","parent_address":"63852 Waywood Park","parent_contact__number":"609-391-3344","student_user_id":"aswalowef","student_pwd":"A8BnNwR43B","student_doj":"10/1/2016","student_rating":3,"student_status":true,"teacher_comments":"Nulla ac enim.","mgmt_comments":"In hac habitasse platea dictumst. Morbi vestibulum, velit id pretium iaculis, diam erat fermentum justo, nec condimentum neque sapien placerat ante. Nulla justo. Aliquam quis turpis eget elit sodales scelerisque. Mauris sit amet eros. Suspendisse accumsan tortor quis turpis."},
{"student_id":"S18C-9-I-0672","student_first_name":"Ilario","student_last_name":"Vivians","student_gender":"Male","student_dob":"3/15/2017","parent_address":"9200 Raven Circle","parent_contact__number":"236-213-2664","student_user_id":"iviviansg","student_pwd":"SqFvzCbOdCr","student_doj":"5/31/2017","student_rating":8,"student_status":false,"teacher_comments":"Nullam varius.","mgmt_comments":"Lorem ipsum dolor sit amet, consectetuer adipiscing elit. Proin interdum mauris non ligula pellentesque ultrices. Phasellus id sapien in sapien iaculis congue. Vivamus metus arcu, adipiscing molestie, hendrerit at, vulputate vitae, nisl. Aenean lectus. Pellentesque eget nunc. Donec quis orci eget orci vehicula condimentum. Curabitur in libero ut massa volutpat convallis."},
{"student_id":"S18C-5-J-8910","student_first_name":"Reamonn","student_last_name":"Scobbie","student_gender":"Male","student_dob":"1/6/2017","parent_address":"125 Cherokee Trail","parent_contact__number":"442-835-6778","student_user_id":"rscobbieh","student_pwd":"1dg4r1nweam7","student_doj":"7/19/2017","student_rating":4,"student_status":false,"teacher_comments":"In hac habitasse platea dictumst. Maecenas ut massa quis augue luctus tincidunt. Nulla mollis molestie lorem. Quisque ut erat.","mgmt_comments":"Duis bibendum. Morbi non quam nec dui luctus rutrum. Nulla tellus. In sagittis dui vel nisl. Duis ac nibh. Fusce lacus purus, aliquet at, feugiat non, pretium quis, lectus. Suspendisse potenti. In eleifend quam a odio. In hac habitasse platea dictumst."},
{"student_id":"S18C-0-O-7012","student_first_name":"Alva","student_last_name":"Gaddes","student_gender":"Male","student_dob":"7/11/2017","parent_address":"0 Pond Street","parent_contact__number":"297-747-1088","student_user_id":"agaddesi","student_pwd":"77Ncost","student_doj":"5/30/2017","student_rating":9,"student_status":true,"teacher_comments":"Fusce lacus purus, aliquet at, feugiat non, pretium quis, lectus.","mgmt_comments":"Donec dapibus. Duis at velit eu est congue elementum. In hac habitasse platea dictumst. Morbi vestibulum, velit id pretium iaculis, diam erat fermentum justo, nec condimentum neque sapien placerat ante. Nulla justo. Aliquam quis turpis eget elit sodales scelerisque. Mauris sit amet eros. Suspendisse accumsan tortor quis turpis. Sed ante. Vivamus tortor."},
{"student_id":"S18C-7-P-6937","student_first_name":"Allix","student_last_name":"Crosser","student_gender":"Female","student_dob":"2/1/2017","parent_address":"93 Green Ridge Junction","parent_contact__number":"989-691-6060","student_user_id":"acrosserj","student_pwd":"2YjkgQ","student_doj":"12/31/2016","student_rating":5,"student_status":false,"teacher_comments":"Praesent id massa id nisl venenatis lacinia. Aenean sit amet justo.","mgmt_comments":"Sed ante. Vivamus tortor. Duis mattis egestas metus. Aenean fermentum. Donec ut mauris eget massa tempor convallis. Nulla neque libero, convallis eget, eleifend luctus, ultricies eu, nibh. Quisque id justo sit amet sapien dignissim vestibulum. Vestibulum ante ipsum primis in faucibus orci luctus et ultrices posuere cubilia Curae; Nulla dapibus dolor vel est. Donec odio justo, sollicitudin ut, suscipit a, feugiat et, eros."},
{"student_id":"S18C-8-W-5843","student_first_name":"Kiri","student_last_name":"Jentin","student_gender":"Female","student_dob":"7/24/2017","parent_address":"4634 Declaration Parkway","parent_contact__number":"667-956-2737","student_user_id":"kjentink","student_pwd":"PKX7LuiYu0Fc","student_doj":"9/22/2016","student_rating":6,"student_status":true,"teacher_comments":"Etiam vel augue. Vestibulum rutrum rutrum neque. Aenean auctor gravida sem. Praesent id massa id nisl venenatis lacinia. Aenean sit amet justo. Morbi ut odio. Cras mi pede, malesuada in, imperdiet et, commodo vulputate, justo.","mgmt_comments":"Pellentesque viverra pede ac diam. Cras pellentesque volutpat dui. Maecenas tristique, est et tempus semper, est quam pharetra magna, ac consequat metus sapien ut nunc."},
{"student_id":"S18C-9-Q-5722","student_first_name":"Boot","student_last_name":"Epsley","student_gender":"Male","student_dob":"1/1/2017","parent_address":"38 Comanche Terrace","parent_contact__number":"966-212-3018","student_user_id":"bepsleyl","student_pwd":"RES6LLOLS","student_doj":"9/5/2017","student_rating":8,"student_status":true,"teacher_comments":"Duis aliquam convallis nunc. Proin at turpis a pede posuere nonummy. Integer non velit. Donec diam neque, vestibulum eget, vulputate ut, ultrices vel, augue. Vestibulum ante ipsum primis in faucibus orci luctus et ultrices posuere cubilia Curae; Donec pharetra, magna vestibulum aliquet ultrices, erat tortor sollicitudin mi, sit amet lobortis sapien sapien non mi. Integer ac neque. Duis bibendum. Morbi non quam nec dui luctus rutrum.","mgmt_comments":"Duis bibendum. Morbi non quam nec dui luctus rutrum. Nulla tellus. In sagittis dui vel nisl. Duis ac nibh. Fusce lacus purus, aliquet at, feugiat non, pretium quis, lectus. Suspendisse potenti. In eleifend quam a odio. In hac habitasse platea dictumst."},
{"student_id":"S18C-9-D-3229","student_first_name":"Bruce","student_last_name":"Girodon","student_gender":"Male","student_dob":"3/11/2017","parent_address":"5 Corry Park","parent_contact__number":"656-559-7931","student_user_id":"bgirodonm","student_pwd":"BgS0sgoT","student_doj":"12/14/2016","student_rating":3,"student_status":true,"teacher_comments":"Nulla tempus. Vivamus in felis eu sapien cursus vestibulum. Proin eu mi. Nulla ac enim.","mgmt_comments":"Proin at turpis a pede posuere nonummy. Integer non velit. Donec diam neque, vestibulum eget, vulputate ut, ultrices vel, augue. Vestibulum ante ipsum primis in faucibus orci luctus et ultrices posuere cubilia Curae; Donec pharetra, magna vestibulum aliquet ultrices, erat tortor sollicitudin mi, sit amet lobortis sapien sapien non mi. Integer ac neque. Duis bibendum. Morbi non quam nec dui luctus rutrum. Nulla tellus. In sagittis dui vel nisl."},
{"student_id":"S18C-1-C-3825","student_first_name":"Bethanne","student_last_name":"Manes","student_gender":"Female","student_dob":"2/11/2017","parent_address":"93 Center Alley","parent_contact__number":"656-411-7583","student_user_id":"bmanesn","student_pwd":"P1StS8krl","student_doj":"3/31/2017","student_rating":0,"student_status":false,"teacher_comments":"Donec diam neque, vestibulum eget, vulputate ut, ultrices vel, augue. Vestibulum ante ipsum primis in faucibus orci luctus et ultrices posuere cubilia Curae; Donec pharetra, magna vestibulum aliquet ultrices, erat tortor sollicitudin mi, sit amet lobortis sapien sapien non mi. Integer ac neque. Duis bibendum. Morbi non quam nec dui luctus rutrum. Nulla tellus. In sagittis dui vel nisl. Duis ac nibh. Fusce lacus purus, aliquet at, feugiat non, pretium quis, lectus.","mgmt_comments":"Lorem ipsum dolor sit amet, consectetuer adipiscing elit. Proin risus. Praesent lectus. Vestibulum quam sapien, varius ut, blandit non, interdum in, ante. Vestibulum ante ipsum primis in faucibus orci luctus et ultrices posuere cubilia Curae; Duis faucibus accumsan odio. Curabitur convallis."},
{"student_id":"S18C-5-I-6146","student_first_name":"Luce","student_last_name":"Stubbins","student_gender":"Male","student_dob":"6/22/2017","parent_address":"4 Garrison Way","parent_contact__number":"251-796-3425","student_user_id":"lstubbinso","student_pwd":"cylAMKQrXTR","student_doj":"2/21/2017","student_rating":8,"student_status":true,"teacher_comments":"Fusce lacus purus, aliquet at, feugiat non, pretium quis, lectus. Suspendisse potenti.","mgmt_comments":"Nulla tellus. In sagittis dui vel nisl. Duis ac nibh. Fusce lacus purus, aliquet at, feugiat non, pretium quis, lectus. Suspendisse potenti. In eleifend quam a odio."},
{"student_id":"S18C-7-M-6571","student_first_name":"Vanya","student_last_name":"Fransseni","student_gender":"Male","student_dob":"9/10/2017","parent_address":"1 Ridge Oak Circle","parent_contact__number":"352-335-7414","student_user_id":"vfranssenip","student_pwd":"7qyxnt9xK2","student_doj":"10/8/2016","student_rating":7,"student_status":false,"teacher_comments":"Aenean auctor gravida sem. Praesent id massa id nisl venenatis lacinia. Aenean sit amet justo. Morbi ut odio. Cras mi pede, malesuada in, imperdiet et, commodo vulputate, justo. In blandit ultrices enim. Lorem ipsum dolor sit amet, consectetuer adipiscing elit. Proin interdum mauris non ligula pellentesque ultrices. Phasellus id sapien in sapien iaculis congue. Vivamus metus arcu, adipiscing molestie, hendrerit at, vulputate vitae, nisl.","mgmt_comments":"Nam congue, risus semper porta volutpat, quam pede lobortis ligula, sit amet eleifend pede libero quis orci. Nullam molestie nibh in lectus. Pellentesque at nulla. Suspendisse potenti. Cras in purus eu magna vulputate luctus. Cum sociis natoque penatibus et magnis dis parturient montes, nascetur ridiculus mus. Vivamus vestibulum sagittis sapien. Cum sociis natoque penatibus et magnis dis parturient montes, nascetur ridiculus mus."},
{"student_id":"S18C-2-E-5541","student_first_name":"Boris","student_last_name":"Tye","student_gender":"Male","student_dob":"12/21/2016","parent_address":"56152 Manitowish Court","parent_contact__number":"682-324-8177","student_user_id":"btyeq","student_pwd":"E4JmIK7A","student_doj":"9/18/2017","student_rating":4,"student_status":true,"teacher_comments":"Cras pellentesque volutpat dui. Maecenas tristique, est et tempus semper, est quam pharetra magna, ac consequat metus sapien ut nunc. Vestibulum ante ipsum primis in faucibus orci luctus et ultrices posuere cubilia Curae; Mauris viverra diam vitae quam. Suspendisse potenti. Nullam porttitor lacus at turpis. Donec posuere metus vitae ipsum. Aliquam non mauris. Morbi non lectus.","mgmt_comments":"Duis bibendum. Morbi non quam nec dui luctus rutrum."},
{"student_id":"S18C-3-F-7575","student_first_name":"Robinett","student_last_name":"Petworth","student_gender":"Female","student_dob":"6/28/2017","parent_address":"20178 Carey Parkway","parent_contact__number":"734-701-6432","student_user_id":"rpetworthr","student_pwd":"65lw4z60iOD5","student_doj":"6/24/2017","student_rating":8,"student_status":true,"teacher_comments":"Praesent id massa id nisl venenatis lacinia. Aenean sit amet justo. Morbi ut odio. Cras mi pede, malesuada in, imperdiet et, commodo vulputate, justo. In blandit ultrices enim. Lorem ipsum dolor sit amet, consectetuer adipiscing elit.","mgmt_comments":"Nulla nisl. Nunc nisl. Duis bibendum, felis sed interdum venenatis, turpis enim blandit mi, in porttitor pede justo eu massa. Donec dapibus. Duis at velit eu est congue elementum. In hac habitasse platea dictumst. Morbi vestibulum, velit id pretium iaculis, diam erat fermentum justo, nec condimentum neque sapien placerat ante."},
{"student_id":"S18C-5-N-4717","student_first_name":"Sven","student_last_name":"Workman","student_gender":"Male","student_dob":"7/15/2017","parent_address":"38153 Bartillon Alley","parent_contact__number":"222-734-8207","student_user_id":"sworkmans","student_pwd":"RTJNIEJxgBd","student_doj":"10/17/2016","student_rating":6,"student_status":false,"teacher_comments":"Nullam molestie nibh in lectus. Pellentesque at nulla. Suspendisse potenti. Cras in purus eu magna vulputate luctus.","mgmt_comments":"Lorem ipsum dolor sit amet, consectetuer adipiscing elit. Proin risus. Praesent lectus. Vestibulum quam sapien, varius ut, blandit non, interdum in, ante. Vestibulum ante ipsum primis in faucibus orci luctus et ultrices posuere cubilia Curae; Duis faucibus accumsan odio."},
{"student_id":"S18C-8-Y-6169","student_first_name":"Rufe","student_last_name":"Ibbott","student_gender":"Male","student_dob":"3/12/2017","parent_address":"6 Burrows Drive","parent_contact__number":"527-836-3142","student_user_id":"ribbottt","student_pwd":"8aCmg9","student_doj":"6/9/2017","student_rating":10,"student_status":true,"teacher_comments":"In hac habitasse platea dictumst. Morbi vestibulum, velit id pretium iaculis, diam erat fermentum justo, nec condimentum neque sapien placerat ante. Nulla justo. Aliquam quis turpis eget elit sodales scelerisque. Mauris sit amet eros. Suspendisse accumsan tortor quis turpis. Sed ante. Vivamus tortor. Duis mattis egestas metus. Aenean fermentum.","mgmt_comments":"Maecenas rhoncus aliquam lacus. Morbi quis tortor id nulla ultrices aliquet. Maecenas leo odio, condimentum id, luctus nec, molestie sed, justo. Pellentesque viverra pede ac diam. Cras pellentesque volutpat dui. Maecenas tristique, est et tempus semper, est quam pharetra magna, ac consequat metus sapien ut nunc. Vestibulum ante ipsum primis in faucibus orci luctus et ultrices posuere cubilia Curae; Mauris viverra diam vitae quam. Suspendisse potenti. Nullam porttitor lacus at turpis. Donec posuere metus vitae ipsum."},
{"student_id":"S18C-8-J-4710","student_first_name":"Ellwood","student_last_name":"MacAndie","student_gender":"Male","student_dob":"9/1/2017","parent_address":"66767 Clyde Gallagher Street","parent_contact__number":"445-452-9787","student_user_id":"emacandieu","student_pwd":"Sr4O5qoLN","student_doj":"11/18/2016","student_rating":4,"student_status":true,"teacher_comments":"Aenean lectus. Pellentesque eget nunc. Donec quis orci eget orci vehicula condimentum. Curabitur in libero ut massa volutpat convallis. Morbi odio odio, elementum eu, interdum eu, tincidunt in, leo. Maecenas pulvinar lobortis est. Phasellus sit amet erat. Nulla tempus. Vivamus in felis eu sapien cursus vestibulum. Proin eu mi.","mgmt_comments":"Proin leo odio, porttitor id, consequat in, consequat ut, nulla. Sed accumsan felis. Ut at dolor quis odio consequat varius. Integer ac leo. Pellentesque ultrices mattis odio."},
{"student_id":"S18C-4-W-3303","student_first_name":"Bridget","student_last_name":"Memory","student_gender":"Female","student_dob":"5/6/2017","parent_address":"33 Kedzie Circle","parent_contact__number":"439-833-2717","student_user_id":"bmemoryv","student_pwd":"VGAmTK8FmYEX","student_doj":"10/10/2016","student_rating":6,"student_status":true,"teacher_comments":"Fusce posuere felis sed lacus. Morbi sem mauris, laoreet ut, rhoncus aliquet, pulvinar sed, nisl. Nunc rhoncus dui vel sem. Sed sagittis. Nam congue, risus semper porta volutpat, quam pede lobortis ligula, sit amet eleifend pede libero quis orci. Nullam molestie nibh in lectus. Pellentesque at nulla. Suspendisse potenti. Cras in purus eu magna vulputate luctus. Cum sociis natoque penatibus et magnis dis parturient montes, nascetur ridiculus mus.","mgmt_comments":"Suspendisse accumsan tortor quis turpis. Sed ante. Vivamus tortor. Duis mattis egestas metus. Aenean fermentum. Donec ut mauris eget massa tempor convallis."},
{"student_id":"S18C-2-Z-4363","student_first_name":"Dennet","student_last_name":"Wathell","student_gender":"Male","student_dob":"6/18/2017","parent_address":"367 Vernon Road","parent_contact__number":"482-689-7351","student_user_id":"dwathellw","student_pwd":"ElX3ykFqX","student_doj":"8/19/2017","student_rating":7,"student_status":true,"teacher_comments":"Aliquam augue quam, sollicitudin vitae, consectetuer eget, rutrum at, lorem. Integer tincidunt ante vel ipsum. Praesent blandit lacinia erat. Vestibulum sed magna at nunc commodo placerat. Praesent blandit. Nam nulla. Integer pede justo, lacinia eget, tincidunt eget, tempus vel, pede.","mgmt_comments":"Etiam justo. Etiam pretium iaculis justo."},
{"student_id":"S18C-6-O-2837","student_first_name":"Alexis","student_last_name":"Droogan","student_gender":"Male","student_dob":"9/19/2017","parent_address":"87 Park Meadow Lane","parent_contact__number":"664-335-2430","student_user_id":"adrooganx","student_pwd":"CNcVZF9","student_doj":"7/6/2017","student_rating":3,"student_status":true,"teacher_comments":"Nunc nisl. Duis bibendum, felis sed interdum venenatis, turpis enim blandit mi, in porttitor pede justo eu massa. Donec dapibus.","mgmt_comments":"Vestibulum sed magna at nunc commodo placerat. Praesent blandit. Nam nulla. Integer pede justo, lacinia eget, tincidunt eget, tempus vel, pede. Morbi porttitor lorem id ligula."},
{"student_id":"S18C-5-K-6639","student_first_name":"Lorry","student_last_name":"Nyles","student_gender":"Male","student_dob":"9/19/2017","parent_address":"385 Hallows Circle","parent_contact__number":"785-231-0689","student_user_id":"lnylesy","student_pwd":"O5JS2xrd","student_doj":"1/28/2017","student_rating":1,"student_status":false,"teacher_comments":"Integer pede justo, lacinia eget, tincidunt eget, tempus vel, pede. Morbi porttitor lorem id ligula. Suspendisse ornare consequat lectus. In est risus, auctor sed, tristique in, tempus sit amet, sem.","mgmt_comments":"Aenean auctor gravida sem. Praesent id massa id nisl venenatis lacinia. Aenean sit amet justo. Morbi ut odio. Cras mi pede, malesuada in, imperdiet et, commodo vulputate, justo. In blandit ultrices enim. Lorem ipsum dolor sit amet, consectetuer adipiscing elit. Proin interdum mauris non ligula pellentesque ultrices. Phasellus id sapien in sapien iaculis congue. Vivamus metus arcu, adipiscing molestie, hendrerit at, vulputate vitae, nisl."},
{"student_id":"S18C-1-N-0897","student_first_name":"Tawnya","student_last_name":"Dearing","student_gender":"Female","student_dob":"4/30/2017","parent_address":"70 Moose Center","parent_contact__number":"105-531-3157","student_user_id":"tdearingz","student_pwd":"Mk70Ucgv2TNm","student_doj":"3/3/2017","student_rating":2,"student_status":false,"teacher_comments":"Proin interdum mauris non ligula pellentesque ultrices. Phasellus id sapien in sapien iaculis congue. Vivamus metus arcu, adipiscing molestie, hendrerit at, vulputate vitae, nisl. Aenean lectus. Pellentesque eget nunc. Donec quis orci eget orci vehicula condimentum.","mgmt_comments":"Maecenas ut massa quis augue luctus tincidunt. Nulla mollis molestie lorem. Quisque ut erat. Curabitur gravida nisi at nibh. In hac habitasse platea dictumst. Aliquam augue quam, sollicitudin vitae, consectetuer eget, rutrum at, lorem. Integer tincidunt ante vel ipsum. Praesent blandit lacinia erat. Vestibulum sed magna at nunc commodo placerat. Praesent blandit."},
{"student_id":"S18C-1-U-4195","student_first_name":"Katerine","student_last_name":"Basek","student_gender":"Female","student_dob":"3/13/2017","parent_address":"97013 Mcbride Street","parent_contact__number":"253-382-3861","student_user_id":"kbasek10","student_pwd":"if7E4j","student_doj":"6/19/2017","student_rating":1,"student_status":true,"teacher_comments":"Donec odio justo, sollicitudin ut, suscipit a, feugiat et, eros. Vestibulum ac est lacinia nisi venenatis tristique. Fusce congue, diam id ornare imperdiet, sapien urna pretium nisl, ut volutpat sapien arcu sed augue. Aliquam erat volutpat. In congue. Etiam justo. Etiam pretium iaculis justo. In hac habitasse platea dictumst.","mgmt_comments":"Maecenas pulvinar lobortis est. Phasellus sit amet erat. Nulla tempus. Vivamus in felis eu sapien cursus vestibulum. Proin eu mi."},
{"student_id":"S18C-9-M-4142","student_first_name":"Scarlett","student_last_name":"Froude","student_gender":"Female","student_dob":"9/1/2017","parent_address":"87 Bluejay Place","parent_contact__number":"972-593-8835","student_user_id":"sfroude11","student_pwd":"BgbGAPlB7","student_doj":"2/14/2017","student_rating":4,"student_status":true,"teacher_comments":"Vestibulum ante ipsum primis in faucibus orci luctus et ultrices posuere cubilia Curae; Nulla dapibus dolor vel est. Donec odio justo, sollicitudin ut, suscipit a, feugiat et, eros. Vestibulum ac est lacinia nisi venenatis tristique. Fusce congue, diam id ornare imperdiet, sapien urna pretium nisl, ut volutpat sapien arcu sed augue.","mgmt_comments":"Duis ac nibh. Fusce lacus purus, aliquet at, feugiat non, pretium quis, lectus."},
{"student_id":"S18C-3-Q-8906","student_first_name":"Dexter","student_last_name":"Shotter","student_gender":"Male","student_dob":"7/10/2017","parent_address":"885 Riverside Trail","parent_contact__number":"608-613-0517","student_user_id":"dshotter12","student_pwd":"q8SkHMA","student_doj":"9/18/2017","student_rating":4,"student_status":false,"teacher_comments":"Integer aliquet, massa id lobortis convallis, tortor risus dapibus augue, vel accumsan tellus nisi eu orci. Mauris lacinia sapien quis libero. Nullam sit amet turpis elementum ligula vehicula consequat. Morbi a ipsum.","mgmt_comments":"In est risus, auctor sed, tristique in, tempus sit amet, sem. Fusce consequat. Nulla nisl. Nunc nisl. Duis bibendum, felis sed interdum venenatis, turpis enim blandit mi, in porttitor pede justo eu massa."},
{"student_id":"S18C-9-S-7918","student_first_name":"Lion","student_last_name":"Belson","student_gender":"Male","student_dob":"10/13/2016","parent_address":"813 Blaine Center","parent_contact__number":"527-858-9390","student_user_id":"lbelson13","student_pwd":"i1weK7dIcJ","student_doj":"1/25/2017","student_rating":4,"student_status":true,"teacher_comments":"Vivamus tortor. Duis mattis egestas metus. Aenean fermentum. Donec ut mauris eget massa tempor convallis. Nulla neque libero, convallis eget, eleifend luctus, ultricies eu, nibh. Quisque id justo sit amet sapien dignissim vestibulum. Vestibulum ante ipsum primis in faucibus orci luctus et ultrices posuere cubilia Curae; Nulla dapibus dolor vel est. Donec odio justo, sollicitudin ut, suscipit a, feugiat et, eros. Vestibulum ac est lacinia nisi venenatis tristique. Fusce congue, diam id ornare imperdiet, sapien urna pretium nisl, ut volutpat sapien arcu sed augue.","mgmt_comments":"Aliquam sit amet diam in magna bibendum imperdiet. Nullam orci pede, venenatis non, sodales sed, tincidunt eu, felis. Fusce posuere felis sed lacus. Morbi sem mauris, laoreet ut, rhoncus aliquet, pulvinar sed, nisl. Nunc rhoncus dui vel sem. Sed sagittis."},
{"student_id":"S18C-0-Z-1202","student_first_name":"Miner","student_last_name":"Shelton","student_gender":"Male","student_dob":"9/14/2017","parent_address":"484 Becker Center","parent_contact__number":"763-787-8290","student_user_id":"mshelton14","student_pwd":"shxx20dM4Gc","student_doj":"3/28/2017","student_rating":2,"student_status":true,"teacher_comments":"Nulla tellus. In sagittis dui vel nisl. Duis ac nibh. Fusce lacus purus, aliquet at, feugiat non, pretium quis, lectus. Suspendisse potenti.","mgmt_comments":"Vestibulum ante ipsum primis in faucibus orci luctus et ultrices posuere cubilia Curae; Duis faucibus accumsan odio. Curabitur convallis. Duis consequat dui nec nisi volutpat eleifend. Donec ut dolor. Morbi vel lectus in quam fringilla rhoncus."},
{"student_id":"S18C-5-A-8004","student_first_name":"Arturo","student_last_name":"Jupe","student_gender":"Male","student_dob":"10/20/2016","parent_address":"8 Forest Dale Lane","parent_contact__number":"730-382-0712","student_user_id":"ajupe15","student_pwd":"ULoijOxNGtd","student_doj":"11/15/2016","student_rating":2,"student_status":false,"teacher_comments":"Aenean auctor gravida sem. Praesent id massa id nisl venenatis lacinia. Aenean sit amet justo. Morbi ut odio. Cras mi pede, malesuada in, imperdiet et, commodo vulputate, justo. In blandit ultrices enim. Lorem ipsum dolor sit amet, consectetuer adipiscing elit.","mgmt_comments":"Praesent lectus. Vestibulum quam sapien, varius ut, blandit non, interdum in, ante. Vestibulum ante ipsum primis in faucibus orci luctus et ultrices posuere cubilia Curae; Duis faucibus accumsan odio. Curabitur convallis. Duis consequat dui nec nisi volutpat eleifend. Donec ut dolor. Morbi vel lectus in quam fringilla rhoncus. Mauris enim leo, rhoncus sed, vestibulum sit amet, cursus id, turpis. Integer aliquet, massa id lobortis convallis, tortor risus dapibus augue, vel accumsan tellus nisi eu orci."},
{"student_id":"S18C-5-N-1881","student_first_name":"Hurlee","student_last_name":"Putland","student_gender":"Male","student_dob":"11/28/2016","parent_address":"65 Rutledge Crossing","parent_contact__number":"740-598-9855","student_user_id":"hputland16","student_pwd":"y0Iftvfo","student_doj":"12/10/2016","student_rating":4,"student_status":false,"teacher_comments":"Cum sociis natoque penatibus et magnis dis parturient montes, nascetur ridiculus mus. Etiam vel augue. Vestibulum rutrum rutrum neque. Aenean auctor gravida sem. Praesent id massa id nisl venenatis lacinia. Aenean sit amet justo. Morbi ut odio.","mgmt_comments":"Morbi ut odio. Cras mi pede, malesuada in, imperdiet et, commodo vulputate, justo. In blandit ultrices enim. Lorem ipsum dolor sit amet, consectetuer adipiscing elit. Proin interdum mauris non ligula pellentesque ultrices. Phasellus id sapien in sapien iaculis congue. Vivamus metus arcu, adipiscing molestie, hendrerit at, vulputate vitae, nisl. Aenean lectus. Pellentesque eget nunc."},
{"student_id":"S18C-4-D-9682","student_first_name":"Rey","student_last_name":"Davana","student_gender":"Female","student_dob":"6/8/2017","parent_address":"81 Tony Pass","parent_contact__number":"194-828-2538","student_user_id":"rdavana17","student_pwd":"L6y3EU","student_doj":"2/17/2017","student_rating":10,"student_status":false,"teacher_comments":"Pellentesque at nulla. Suspendisse potenti. Cras in purus eu magna vulputate luctus. Cum sociis natoque penatibus et magnis dis parturient montes, nascetur ridiculus mus. Vivamus vestibulum sagittis sapien. Cum sociis natoque penatibus et magnis dis parturient montes, nascetur ridiculus mus. Etiam vel augue. Vestibulum rutrum rutrum neque. Aenean auctor gravida sem.","mgmt_comments":"Aliquam augue quam, sollicitudin vitae, consectetuer eget, rutrum at, lorem. Integer tincidunt ante vel ipsum. Praesent blandit lacinia erat. Vestibulum sed magna at nunc commodo placerat. Praesent blandit."},
{"student_id":"S18C-4-N-4471","student_first_name":"Manon","student_last_name":"Stidson","student_gender":"Female","student_dob":"6/20/2017","parent_address":"274 Lyons Center","parent_contact__number":"482-692-3429","student_user_id":"mstidson18","student_pwd":"BJbqVF2sA","student_doj":"7/11/2017","student_rating":9,"student_status":false,"teacher_comments":"Phasellus in felis. Donec semper sapien a libero. Nam dui. Proin leo odio, porttitor id, consequat in, consequat ut, nulla. Sed accumsan felis. Ut at dolor quis odio consequat varius. Integer ac leo. Pellentesque ultrices mattis odio. Donec vitae nisi.","mgmt_comments":"Nulla nisl. Nunc nisl. Duis bibendum, felis sed interdum venenatis, turpis enim blandit mi, in porttitor pede justo eu massa. Donec dapibus. Duis at velit eu est congue elementum. In hac habitasse platea dictumst. Morbi vestibulum, velit id pretium iaculis, diam erat fermentum justo, nec condimentum neque sapien placerat ante. Nulla justo."},
{"student_id":"S18C-3-Q-5558","student_first_name":"Myrah","student_last_name":"Sweatland","student_gender":"Female","student_dob":"5/24/2017","parent_address":"96054 Dovetail Drive","parent_contact__number":"286-827-4016","student_user_id":"msweatland19","student_pwd":"rI0rvu2","student_doj":"5/27/2017","student_rating":8,"student_status":true,"teacher_comments":"Cum sociis natoque penatibus et magnis dis parturient montes, nascetur ridiculus mus. Vivamus vestibulum sagittis sapien. Cum sociis natoque penatibus et magnis dis parturient montes, nascetur ridiculus mus. Etiam vel augue. Vestibulum rutrum rutrum neque. Aenean auctor gravida sem. Praesent id massa id nisl venenatis lacinia. Aenean sit amet justo. Morbi ut odio.","mgmt_comments":"Aliquam sit amet diam in magna bibendum imperdiet. Nullam orci pede, venenatis non, sodales sed, tincidunt eu, felis. Fusce posuere felis sed lacus. Morbi sem mauris, laoreet ut, rhoncus aliquet, pulvinar sed, nisl. Nunc rhoncus dui vel sem. Sed sagittis."},
{"student_id":"S18C-7-G-0997","student_first_name":"Northrup","student_last_name":"Hagger","student_gender":"Male","student_dob":"7/3/2017","parent_address":"15813 Myrtle Avenue","parent_contact__number":"225-923-9132","student_user_id":"nhagger1a","student_pwd":"xG9S2M6","student_doj":"12/14/2016","student_rating":4,"student_status":false,"teacher_comments":"Aenean lectus.","mgmt_comments":"Nulla ac enim. In tempor, turpis nec euismod scelerisque, quam turpis adipiscing lorem, vitae mattis nibh ligula nec sem. Duis aliquam convallis nunc. Proin at turpis a pede posuere nonummy. Integer non velit. Donec diam neque, vestibulum eget, vulputate ut, ultrices vel, augue. Vestibulum ante ipsum primis in faucibus orci luctus et ultrices posuere cubilia Curae; Donec pharetra, magna vestibulum aliquet ultrices, erat tortor sollicitudin mi, sit amet lobortis sapien sapien non mi. Integer ac neque."},
{"student_id":"S18C-6-H-4636","student_first_name":"Ingra","student_last_name":"Rountree","student_gender":"Male","student_dob":"3/6/2017","parent_address":"163 Esker Way","parent_contact__number":"474-457-9103","student_user_id":"irountree1b","student_pwd":"JRUK4xGKF","student_doj":"10/22/2016","student_rating":9,"student_status":false,"teacher_comments":"Nullam orci pede, venenatis non, sodales sed, tincidunt eu, felis. Fusce posuere felis sed lacus.","mgmt_comments":"Cras non velit nec nisi vulputate nonummy. Maecenas tincidunt lacus at velit. Vivamus vel nulla eget eros elementum pellentesque. Quisque porta volutpat erat. Quisque erat eros, viverra eget, congue eget, semper rutrum, nulla. Nunc purus. Phasellus in felis. Donec semper sapien a libero. Nam dui. Proin leo odio, porttitor id, consequat in, consequat ut, nulla."},
{"student_id":"S18C-9-U-1135","student_first_name":"Robbie","student_last_name":"Davidow","student_gender":"Male","student_dob":"2/10/2017","parent_address":"865 Quincy Pass","parent_contact__number":"987-377-5051","student_user_id":"rdavidow1c","student_pwd":"HutFGqjCK0Az","student_doj":"2/21/2017","student_rating":7,"student_status":false,"teacher_comments":"Quisque id justo sit amet sapien dignissim vestibulum. Vestibulum ante ipsum primis in faucibus orci luctus et ultrices posuere cubilia Curae; Nulla dapibus dolor vel est. Donec odio justo, sollicitudin ut, suscipit a, feugiat et, eros. Vestibulum ac est lacinia nisi venenatis tristique.","mgmt_comments":"Duis aliquam convallis nunc. Proin at turpis a pede posuere nonummy. Integer non velit. Donec diam neque, vestibulum eget, vulputate ut, ultrices vel, augue. Vestibulum ante ipsum primis in faucibus orci luctus et ultrices posuere cubilia Curae; Donec pharetra, magna vestibulum aliquet ultrices, erat tortor sollicitudin mi, sit amet lobortis sapien sapien non mi. Integer ac neque. Duis bibendum."},
{"student_id":"S18C-5-J-7194","student_first_name":"Amelina","student_last_name":"Smallridge","student_gender":"Female","student_dob":"10/24/2016","parent_address":"38 Heath Terrace","parent_contact__number":"674-453-6552","student_user_id":"asmallridge1d","student_pwd":"nzTD357wN","student_doj":"7/30/2017","student_rating":10,"student_status":false,"teacher_comments":"Vivamus tortor. Duis mattis egestas metus. Aenean fermentum. Donec ut mauris eget massa tempor convallis. Nulla neque libero, convallis eget, eleifend luctus, ultricies eu, nibh. Quisque id justo sit amet sapien dignissim vestibulum. Vestibulum ante ipsum primis in faucibus orci luctus et ultrices posuere cubilia Curae; Nulla dapibus dolor vel est. Donec odio justo, sollicitudin ut, suscipit a, feugiat et, eros. Vestibulum ac est lacinia nisi venenatis tristique.","mgmt_comments":"Donec semper sapien a libero. Nam dui. Proin leo odio, porttitor id, consequat in, consequat ut, nulla."},
{"student_id":"S18C-6-V-5724","student_first_name":"Cacilie","student_last_name":"Fludgate","student_gender":"Female","student_dob":"3/10/2017","parent_address":"3261 Kensington Center","parent_contact__number":"670-205-3818","student_user_id":"cfludgate1e","student_pwd":"V15rnB3Wbgi","student_doj":"10/6/2016","student_rating":8,"student_status":false,"teacher_comments":"Proin leo odio, porttitor id, consequat in, consequat ut, nulla. Sed accumsan felis. Ut at dolor quis odio consequat varius. Integer ac leo. Pellentesque ultrices mattis odio. Donec vitae nisi. Nam ultrices, libero non mattis pulvinar, nulla pede ullamcorper augue, a suscipit nulla elit ac nulla. Sed vel enim sit amet nunc viverra dapibus.","mgmt_comments":"Fusce posuere felis sed lacus. Morbi sem mauris, laoreet ut, rhoncus aliquet, pulvinar sed, nisl. Nunc rhoncus dui vel sem. Sed sagittis. Nam congue, risus semper porta volutpat, quam pede lobortis ligula, sit amet eleifend pede libero quis orci. Nullam molestie nibh in lectus. Pellentesque at nulla."},
{"student_id":"S18C-4-V-6143","student_first_name":"Sascha","student_last_name":"Matsell","student_gender":"Male","student_dob":"5/9/2017","parent_address":"13008 Lunder Drive","parent_contact__number":"740-907-8191","student_user_id":"smatsell1f","student_pwd":"0y6KtopZ2tl5","student_doj":"7/30/2017","student_rating":7,"student_status":false,"teacher_comments":"Sed ante. Vivamus tortor. Duis mattis egestas metus. Aenean fermentum. Donec ut mauris eget massa tempor convallis. Nulla neque libero, convallis eget, eleifend luctus, ultricies eu, nibh.","mgmt_comments":"In congue. Etiam justo."},
{"student_id":"S18C-4-P-1734","student_first_name":"Lay","student_last_name":"Shama","student_gender":"Male","student_dob":"5/26/2017","parent_address":"1158 2nd Crossing","parent_contact__number":"882-601-7637","student_user_id":"lshama1g","student_pwd":"YpxRUfFx4st","student_doj":"1/28/2017","student_rating":10,"student_status":false,"teacher_comments":"In eleifend quam a odio. In hac habitasse platea dictumst. Maecenas ut massa quis augue luctus tincidunt. Nulla mollis molestie lorem.","mgmt_comments":"Cras in purus eu magna vulputate luctus. Cum sociis natoque penatibus et magnis dis parturient montes, nascetur ridiculus mus. Vivamus vestibulum sagittis sapien. Cum sociis natoque penatibus et magnis dis parturient montes, nascetur ridiculus mus. Etiam vel augue. Vestibulum rutrum rutrum neque. Aenean auctor gravida sem. Praesent id massa id nisl venenatis lacinia. Aenean sit amet justo. Morbi ut odio."},
{"student_id":"S18C-3-W-1105","student_first_name":"Linda","student_last_name":"Tassell","student_gender":"Female","student_dob":"4/30/2017","parent_address":"970 Esker Alley","parent_contact__number":"130-226-4324","student_user_id":"ltassell1h","student_pwd":"TNRWeB","student_doj":"6/22/2017","student_rating":4,"student_status":false,"teacher_comments":"Duis ac nibh. Fusce lacus purus, aliquet at, feugiat non, pretium quis, lectus. Suspendisse potenti. In eleifend quam a odio. In hac habitasse platea dictumst.","mgmt_comments":"Proin leo odio, porttitor id, consequat in, consequat ut, nulla."},
{"student_id":"S18C-0-N-6218","student_first_name":"Warde","student_last_name":"Ridgewell","student_gender":"Male","student_dob":"3/23/2017","parent_address":"82823 Ludington Pass","parent_contact__number":"269-600-4052","student_user_id":"wridgewell1i","student_pwd":"DOUrFEY","student_doj":"4/18/2017","student_rating":4,"student_status":true,"teacher_comments":"Nam nulla. Integer pede justo, lacinia eget, tincidunt eget, tempus vel, pede. Morbi porttitor lorem id ligula. Suspendisse ornare consequat lectus. In est risus, auctor sed, tristique in, tempus sit amet, sem. Fusce consequat. Nulla nisl. Nunc nisl. Duis bibendum, felis sed interdum venenatis, turpis enim blandit mi, in porttitor pede justo eu massa. Donec dapibus.","mgmt_comments":"Vestibulum ante ipsum primis in faucibus orci luctus et ultrices posuere cubilia Curae; Duis faucibus accumsan odio. Curabitur convallis."},
{"student_id":"S18C-5-W-2459","student_first_name":"Renaldo","student_last_name":"Frangione","student_gender":"Male","student_dob":"4/20/2017","parent_address":"91 Brickson Park Terrace","parent_contact__number":"336-154-4558","student_user_id":"rfrangione1j","student_pwd":"Ex3ImvE","student_doj":"6/14/2017","student_rating":3,"student_status":false,"teacher_comments":"Maecenas ut massa quis augue luctus tincidunt. Nulla mollis molestie lorem. Quisque ut erat. Curabitur gravida nisi at nibh. In hac habitasse platea dictumst. Aliquam augue quam, sollicitudin vitae, consectetuer eget, rutrum at, lorem. Integer tincidunt ante vel ipsum. Praesent blandit lacinia erat. Vestibulum sed magna at nunc commodo placerat. Praesent blandit.","mgmt_comments":"Donec quis orci eget orci vehicula condimentum. Curabitur in libero ut massa volutpat convallis. Morbi odio odio, elementum eu, interdum eu, tincidunt in, leo. Maecenas pulvinar lobortis est. Phasellus sit amet erat. Nulla tempus. Vivamus in felis eu sapien cursus vestibulum. Proin eu mi. Nulla ac enim."},
{"student_id":"S18C-8-Y-4633","student_first_name":"Melodee","student_last_name":"McQuaide","student_gender":"Female","student_dob":"10/17/2016","parent_address":"9812 Saint Paul Alley","parent_contact__number":"558-724-2132","student_user_id":"mmcquaide1k","student_pwd":"bKknLuDHJ","student_doj":"3/7/2017","student_rating":6,"student_status":false,"teacher_comments":"Aenean sit amet justo. Morbi ut odio. Cras mi pede, malesuada in, imperdiet et, commodo vulputate, justo. In blandit ultrices enim. Lorem ipsum dolor sit amet, consectetuer adipiscing elit.","mgmt_comments":"Mauris lacinia sapien quis libero. Nullam sit amet turpis elementum ligula vehicula consequat. Morbi a ipsum. Integer a nibh."},
{"student_id":"S18C-5-J-8220","student_first_name":"Cassandre","student_last_name":"Snedker","student_gender":"Female","student_dob":"11/9/2016","parent_address":"40173 Chinook Plaza","parent_contact__number":"319-324-2593","student_user_id":"csnedker1l","student_pwd":"udp9Xs","student_doj":"9/22/2016","student_rating":9,"student_status":true,"teacher_comments":"Etiam pretium iaculis justo.","mgmt_comments":"Nam dui. Proin leo odio, porttitor id, consequat in, consequat ut, nulla. Sed accumsan felis. Ut at dolor quis odio consequat varius. Integer ac leo. Pellentesque ultrices mattis odio."},
{"student_id":"S18C-5-G-2283","student_first_name":"Flory","student_last_name":"Abriani","student_gender":"Male","student_dob":"7/16/2017","parent_address":"5186 Loomis Plaza","parent_contact__number":"569-615-0540","student_user_id":"fabriani1m","student_pwd":"cWWgv5ywINX","student_doj":"5/17/2017","student_rating":1,"student_status":true,"teacher_comments":"Nam nulla. Integer pede justo, lacinia eget, tincidunt eget, tempus vel, pede. Morbi porttitor lorem id ligula. Suspendisse ornare consequat lectus. In est risus, auctor sed, tristique in, tempus sit amet, sem.","mgmt_comments":"Vivamus in felis eu sapien cursus vestibulum. Proin eu mi. Nulla ac enim."},
{"student_id":"S18C-5-Y-0744","student_first_name":"Ken","student_last_name":"Stoffels","student_gender":"Male","student_dob":"3/27/2017","parent_address":"950 Clove Pass","parent_contact__number":"571-447-6056","student_user_id":"kstoffels1n","student_pwd":"gZi1lWaQrt","student_doj":"12/10/2016","student_rating":3,"student_status":false,"teacher_comments":"Nullam sit amet turpis elementum ligula vehicula consequat. Morbi a ipsum. Integer a nibh. In quis justo. Maecenas rhoncus aliquam lacus. Morbi quis tortor id nulla ultrices aliquet. Maecenas leo odio, condimentum id, luctus nec, molestie sed, justo. Pellentesque viverra pede ac diam.","mgmt_comments":"Nulla ac enim. In tempor, turpis nec euismod scelerisque, quam turpis adipiscing lorem, vitae mattis nibh ligula nec sem. Duis aliquam convallis nunc."},
{"student_id":"S18C-9-M-0581","student_first_name":"Emmery","student_last_name":"Shivell","student_gender":"Male","student_dob":"5/27/2017","parent_address":"3 Harbort Pass","parent_contact__number":"325-528-8411","student_user_id":"eshivell1o","student_pwd":"ey26FX01","student_doj":"3/31/2017","student_rating":5,"student_status":true,"teacher_comments":"Nam congue, risus semper porta volutpat, quam pede lobortis ligula, sit amet eleifend pede libero quis orci. Nullam molestie nibh in lectus. Pellentesque at nulla. Suspendisse potenti. Cras in purus eu magna vulputate luctus. Cum sociis natoque penatibus et magnis dis parturient montes, nascetur ridiculus mus. Vivamus vestibulum sagittis sapien. Cum sociis natoque penatibus et magnis dis parturient montes, nascetur ridiculus mus. Etiam vel augue. Vestibulum rutrum rutrum neque.","mgmt_comments":"Praesent blandit lacinia erat. Vestibulum sed magna at nunc commodo placerat."},
{"student_id":"S18C-7-P-1150","student_first_name":"Luisa","student_last_name":"Shawyer","student_gender":"Female","student_dob":"1/17/2017","parent_address":"2 Hanover Way","parent_contact__number":"405-632-7390","student_user_id":"lshawyer1p","student_pwd":"MUrE43to","student_doj":"5/4/2017","student_rating":0,"student_status":false,"teacher_comments":"Integer tincidunt ante vel ipsum.","mgmt_comments":"Sed vel enim sit amet nunc viverra dapibus. Nulla suscipit ligula in lacus. Curabitur at ipsum ac tellus semper interdum. Mauris ullamcorper purus sit amet nulla."},
{"student_id":"S18C-9-P-9337","student_first_name":"Bil","student_last_name":"Lemonby","student_gender":"Male","student_dob":"3/11/2017","parent_address":"04 Ludington Center","parent_contact__number":"218-425-3524","student_user_id":"blemonby1q","student_pwd":"MyneEYh","student_doj":"5/11/2017","student_rating":8,"student_status":true,"teacher_comments":"Vestibulum ac est lacinia nisi venenatis tristique. Fusce congue, diam id ornare imperdiet, sapien urna pretium nisl, ut volutpat sapien arcu sed augue. Aliquam erat volutpat. In congue. Etiam justo. Etiam pretium iaculis justo. In hac habitasse platea dictumst.","mgmt_comments":"Etiam pretium iaculis justo. In hac habitasse platea dictumst. Etiam faucibus cursus urna. Ut tellus. Nulla ut erat id mauris vulputate elementum. Nullam varius. Nulla facilisi. Cras non velit nec nisi vulputate nonummy. Maecenas tincidunt lacus at velit."},
{"student_id":"S18C-9-C-5663","student_first_name":"Hadria","student_last_name":"Mityakov","student_gender":"Female","student_dob":"11/30/2016","parent_address":"7 Pankratz Center","parent_contact__number":"598-816-8366","student_user_id":"hmityakov1r","student_pwd":"bLMtIHjIpMg1","student_doj":"12/11/2016","student_rating":7,"student_status":false,"teacher_comments":"Proin at turpis a pede posuere nonummy.","mgmt_comments":"Phasellus id sapien in sapien iaculis congue. Vivamus metus arcu, adipiscing molestie, hendrerit at, vulputate vitae, nisl. Aenean lectus. Pellentesque eget nunc. Donec quis orci eget orci vehicula condimentum. Curabitur in libero ut massa volutpat convallis. Morbi odio odio, elementum eu, interdum eu, tincidunt in, leo. Maecenas pulvinar lobortis est. Phasellus sit amet erat. Nulla tempus."},
{"student_id":"S18C-5-Q-4467","student_first_name":"Guthrey","student_last_name":"Izkovicz","student_gender":"Male","student_dob":"4/23/2017","parent_address":"27591 Jay Alley","parent_contact__number":"703-871-7135","student_user_id":"gizkovicz1s","student_pwd":"KU6270nfj","student_doj":"8/10/2017","student_rating":5,"student_status":false,"teacher_comments":"Proin eu mi. Nulla ac enim. In tempor, turpis nec euismod scelerisque, quam turpis adipiscing lorem, vitae mattis nibh ligula nec sem. Duis aliquam convallis nunc. Proin at turpis a pede posuere nonummy. Integer non velit. Donec diam neque, vestibulum eget, vulputate ut, ultrices vel, augue.","mgmt_comments":"Donec ut dolor. Morbi vel lectus in quam fringilla rhoncus. Mauris enim leo, rhoncus sed, vestibulum sit amet, cursus id, turpis. Integer aliquet, massa id lobortis convallis, tortor risus dapibus augue, vel accumsan tellus nisi eu orci. Mauris lacinia sapien quis libero. Nullam sit amet turpis elementum ligula vehicula consequat. Morbi a ipsum. Integer a nibh."},
{"student_id":"S18C-3-N-3590","student_first_name":"Crichton","student_last_name":"Josovitz","student_gender":"Male","student_dob":"6/30/2017","parent_address":"88 Alpine Plaza","parent_contact__number":"758-263-6388","student_user_id":"cjosovitz1t","student_pwd":"d3QPRsCLJD","student_doj":"8/13/2017","student_rating":8,"student_status":false,"teacher_comments":"Integer non velit. Donec diam neque, vestibulum eget, vulputate ut, ultrices vel, augue. Vestibulum ante ipsum primis in faucibus orci luctus et ultrices posuere cubilia Curae; Donec pharetra, magna vestibulum aliquet ultrices, erat tortor sollicitudin mi, sit amet lobortis sapien sapien non mi.","mgmt_comments":"Vivamus metus arcu, adipiscing molestie, hendrerit at, vulputate vitae, nisl. Aenean lectus. Pellentesque eget nunc. Donec quis orci eget orci vehicula condimentum. Curabitur in libero ut massa volutpat convallis. Morbi odio odio, elementum eu, interdum eu, tincidunt in, leo. Maecenas pulvinar lobortis est."},
{"student_id":"S18C-9-L-8255","student_first_name":"Ara","student_last_name":"Bazoge","student_gender":"Female","student_dob":"6/5/2017","parent_address":"78 Hayes Hill","parent_contact__number":"760-590-4653","student_user_id":"abazoge1u","student_pwd":"D6K4xiaU","student_doj":"12/6/2016","student_rating":6,"student_status":true,"teacher_comments":"In quis justo. Maecenas rhoncus aliquam lacus. Morbi quis tortor id nulla ultrices aliquet. Maecenas leo odio, condimentum id, luctus nec, molestie sed, justo. Pellentesque viverra pede ac diam. Cras pellentesque volutpat dui. Maecenas tristique, est et tempus semper, est quam pharetra magna, ac consequat metus sapien ut nunc.","mgmt_comments":"Etiam pretium iaculis justo. In hac habitasse platea dictumst. Etiam faucibus cursus urna. Ut tellus. Nulla ut erat id mauris vulputate elementum. Nullam varius. Nulla facilisi."},
{"student_id":"S18C-2-T-6851","student_first_name":"Brent","student_last_name":"Gladding","student_gender":"Male","student_dob":"11/14/2016","parent_address":"96 Hintze Road","parent_contact__number":"679-934-3401","student_user_id":"bgladding1v","student_pwd":"lCVQpi","student_doj":"4/30/2017","student_rating":2,"student_status":true,"teacher_comments":"Mauris enim leo, rhoncus sed, vestibulum sit amet, cursus id, turpis. Integer aliquet, massa id lobortis convallis, tortor risus dapibus augue, vel accumsan tellus nisi eu orci. Mauris lacinia sapien quis libero. Nullam sit amet turpis elementum ligula vehicula consequat. Morbi a ipsum.","mgmt_comments":"Sed sagittis. Nam congue, risus semper porta volutpat, quam pede lobortis ligula, sit amet eleifend pede libero quis orci. Nullam molestie nibh in lectus. Pellentesque at nulla. Suspendisse potenti. Cras in purus eu magna vulputate luctus. Cum sociis natoque penatibus et magnis dis parturient montes, nascetur ridiculus mus. Vivamus vestibulum sagittis sapien. Cum sociis natoque penatibus et magnis dis parturient montes, nascetur ridiculus mus. Etiam vel augue."},
{"student_id":"S18C-9-G-6420","student_first_name":"Monroe","student_last_name":"Watkiss","student_gender":"Male","student_dob":"4/19/2017","parent_address":"4 Jay Trail","parent_contact__number":"756-230-7401","student_user_id":"mwatkiss1w","student_pwd":"5T4H0I","student_doj":"2/16/2017","student_rating":3,"student_status":false,"teacher_comments":"Vestibulum sed magna at nunc commodo placerat. Praesent blandit. Nam nulla. Integer pede justo, lacinia eget, tincidunt eget, tempus vel, pede. Morbi porttitor lorem id ligula.","mgmt_comments":"Proin at turpis a pede posuere nonummy. Integer non velit. Donec diam neque, vestibulum eget, vulputate ut, ultrices vel, augue."},
{"student_id":"S18C-6-Z-6820","student_first_name":"Aeriel","student_last_name":"Britch","student_gender":"Female","student_dob":"4/15/2017","parent_address":"788 Farmco Point","parent_contact__number":"102-771-2795","student_user_id":"abritch1x","student_pwd":"cyKYX8Q","student_doj":"2/27/2017","student_rating":1,"student_status":false,"teacher_comments":"Vestibulum ac est lacinia nisi venenatis tristique. Fusce congue, diam id ornare imperdiet, sapien urna pretium nisl, ut volutpat sapien arcu sed augue.","mgmt_comments":"Morbi non lectus. Aliquam sit amet diam in magna bibendum imperdiet. Nullam orci pede, venenatis non, sodales sed, tincidunt eu, felis. Fusce posuere felis sed lacus. Morbi sem mauris, laoreet ut, rhoncus aliquet, pulvinar sed, nisl. Nunc rhoncus dui vel sem. Sed sagittis. Nam congue, risus semper porta volutpat, quam pede lobortis ligula, sit amet eleifend pede libero quis orci. Nullam molestie nibh in lectus. Pellentesque at nulla."},
{"student_id":"S18C-1-X-0542","student_first_name":"Blayne","student_last_name":"Kiernan","student_gender":"Male","student_dob":"3/9/2017","parent_address":"6151 Macpherson Street","parent_contact__number":"673-666-9986","student_user_id":"bkiernan1y","student_pwd":"lr6fHYCC0b","student_doj":"11/4/2016","student_rating":10,"student_status":false,"teacher_comments":"Ut tellus. Nulla ut erat id mauris vulputate elementum. Nullam varius. Nulla facilisi. Cras non velit nec nisi vulputate nonummy. Maecenas tincidunt lacus at velit. Vivamus vel nulla eget eros elementum pellentesque. Quisque porta volutpat erat. Quisque erat eros, viverra eget, congue eget, semper rutrum, nulla.","mgmt_comments":"Etiam justo. Etiam pretium iaculis justo. In hac habitasse platea dictumst. Etiam faucibus cursus urna. Ut tellus. Nulla ut erat id mauris vulputate elementum. Nullam varius. Nulla facilisi."},
{"student_id":"S18C-8-S-2044","student_first_name":"Cordey","student_last_name":"Drivers","student_gender":"Female","student_dob":"9/28/2016","parent_address":"2726 Hooker Alley","parent_contact__number":"584-687-3757","student_user_id":"cdrivers1z","student_pwd":"4AykYC5LOZmn","student_doj":"1/28/2017","student_rating":7,"student_status":true,"teacher_comments":"Integer aliquet, massa id lobortis convallis, tortor risus dapibus augue, vel accumsan tellus nisi eu orci. Mauris lacinia sapien quis libero. Nullam sit amet turpis elementum ligula vehicula consequat. Morbi a ipsum. Integer a nibh. In quis justo. Maecenas rhoncus aliquam lacus. Morbi quis tortor id nulla ultrices aliquet. Maecenas leo odio, condimentum id, luctus nec, molestie sed, justo. Pellentesque viverra pede ac diam.","mgmt_comments":"Vivamus tortor. Duis mattis egestas metus. Aenean fermentum. Donec ut mauris eget massa tempor convallis. Nulla neque libero, convallis eget, eleifend luctus, ultricies eu, nibh. Quisque id justo sit amet sapien dignissim vestibulum. Vestibulum ante ipsum primis in faucibus orci luctus et ultrices posuere cubilia Curae; Nulla dapibus dolor vel est. Donec odio justo, sollicitudin ut, suscipit a, feugiat et, eros."},
{"student_id":"S18C-8-N-4164","student_first_name":"Orson","student_last_name":"Curgenven","student_gender":"Male","student_dob":"3/23/2017","parent_address":"4 Pepper Wood Pass","parent_contact__number":"808-111-6569","student_user_id":"ocurgenven20","student_pwd":"1sQo6GxOIeI8","student_doj":"3/31/2017","student_rating":9,"student_status":false,"teacher_comments":"Suspendisse potenti. In eleifend quam a odio.","mgmt_comments":"Morbi ut odio. Cras mi pede, malesuada in, imperdiet et, commodo vulputate, justo. In blandit ultrices enim. Lorem ipsum dolor sit amet, consectetuer adipiscing elit. Proin interdum mauris non ligula pellentesque ultrices. Phasellus id sapien in sapien iaculis congue. Vivamus metus arcu, adipiscing molestie, hendrerit at, vulputate vitae, nisl. Aenean lectus. Pellentesque eget nunc. Donec quis orci eget orci vehicula condimentum."},
{"student_id":"S18C-8-M-5013","student_first_name":"Darcy","student_last_name":"Winders","student_gender":"Male","student_dob":"10/24/2016","parent_address":"18480 Veith Terrace","parent_contact__number":"143-227-6276","student_user_id":"dwinders21","student_pwd":"VOhhXl","student_doj":"3/16/2017","student_rating":8,"student_status":true,"teacher_comments":"Proin eu mi. Nulla ac enim. In tempor, turpis nec euismod scelerisque, quam turpis adipiscing lorem, vitae mattis nibh ligula nec sem. Duis aliquam convallis nunc. Proin at turpis a pede posuere nonummy. Integer non velit.","mgmt_comments":"Maecenas leo odio, condimentum id, luctus nec, molestie sed, justo. Pellentesque viverra pede ac diam. Cras pellentesque volutpat dui. Maecenas tristique, est et tempus semper, est quam pharetra magna, ac consequat metus sapien ut nunc. Vestibulum ante ipsum primis in faucibus orci luctus et ultrices posuere cubilia Curae; Mauris viverra diam vitae quam. Suspendisse potenti. Nullam porttitor lacus at turpis. Donec posuere metus vitae ipsum."},
{"student_id":"S18C-7-S-4433","student_first_name":"Cristobal","student_last_name":"Burnell","student_gender":"Male","student_dob":"12/14/2016","parent_address":"59136 Sutherland Hill","parent_contact__number":"766-903-4381","student_user_id":"cburnell22","student_pwd":"3m87sUHp59Kh","student_doj":"9/20/2017","student_rating":4,"student_status":true,"teacher_comments":"In hac habitasse platea dictumst. Aliquam augue quam, sollicitudin vitae, consectetuer eget, rutrum at, lorem. Integer tincidunt ante vel ipsum. Praesent blandit lacinia erat. Vestibulum sed magna at nunc commodo placerat. Praesent blandit. Nam nulla. Integer pede justo, lacinia eget, tincidunt eget, tempus vel, pede. Morbi porttitor lorem id ligula. Suspendisse ornare consequat lectus.","mgmt_comments":"Vivamus vestibulum sagittis sapien. Cum sociis natoque penatibus et magnis dis parturient montes, nascetur ridiculus mus. Etiam vel augue. Vestibulum rutrum rutrum neque. Aenean auctor gravida sem. Praesent id massa id nisl venenatis lacinia."},
{"student_id":"S18C-1-I-5236","student_first_name":"Annmaria","student_last_name":"Dyka","student_gender":"Female","student_dob":"5/4/2017","parent_address":"9203 Sommers Crossing","parent_contact__number":"255-411-0176","student_user_id":"adyka23","student_pwd":"4jx88yq","student_doj":"8/26/2017","student_rating":7,"student_status":true,"teacher_comments":"Vestibulum ante ipsum primis in faucibus orci luctus et ultrices posuere cubilia Curae; Nulla dapibus dolor vel est. Donec odio justo, sollicitudin ut, suscipit a, feugiat et, eros. Vestibulum ac est lacinia nisi venenatis tristique. Fusce congue, diam id ornare imperdiet, sapien urna pretium nisl, ut volutpat sapien arcu sed augue. Aliquam erat volutpat. In congue.","mgmt_comments":"In hac habitasse platea dictumst."},
{"student_id":"S18C-6-T-0512","student_first_name":"Mikael","student_last_name":"Keedy","student_gender":"Male","student_dob":"3/28/2017","parent_address":"05 Boyd Drive","parent_contact__number":"296-340-5319","student_user_id":"mkeedy24","student_pwd":"Vou92Rww","student_doj":"5/3/2017","student_rating":4,"student_status":true,"teacher_comments":"Aenean fermentum. Donec ut mauris eget massa tempor convallis. Nulla neque libero, convallis eget, eleifend luctus, ultricies eu, nibh. Quisque id justo sit amet sapien dignissim vestibulum.","mgmt_comments":"Donec dapibus. Duis at velit eu est congue elementum. In hac habitasse platea dictumst. Morbi vestibulum, velit id pretium iaculis, diam erat fermentum justo, nec condimentum neque sapien placerat ante. Nulla justo. Aliquam quis turpis eget elit sodales scelerisque. Mauris sit amet eros. Suspendisse accumsan tortor quis turpis. Sed ante. Vivamus tortor."},
{"student_id":"S18C-9-K-9146","student_first_name":"Josepha","student_last_name":"Rime","student_gender":"Female","student_dob":"11/19/2016","parent_address":"9356 Bunting Avenue","parent_contact__number":"614-553-4600","student_user_id":"jrime25","student_pwd":"f2U437","student_doj":"2/28/2017","student_rating":0,"student_status":true,"teacher_comments":"Morbi ut odio. Cras mi pede, malesuada in, imperdiet et, commodo vulputate, justo. In blandit ultrices enim. Lorem ipsum dolor sit amet, consectetuer adipiscing elit. Proin interdum mauris non ligula pellentesque ultrices. Phasellus id sapien in sapien iaculis congue. Vivamus metus arcu, adipiscing molestie, hendrerit at, vulputate vitae, nisl.","mgmt_comments":"Cum sociis natoque penatibus et magnis dis parturient montes, nascetur ridiculus mus. Etiam vel augue. Vestibulum rutrum rutrum neque. Aenean auctor gravida sem. Praesent id massa id nisl venenatis lacinia. Aenean sit amet justo. Morbi ut odio."},
{"student_id":"S18C-4-O-9640","student_first_name":"Dorine","student_last_name":"Mayze","student_gender":"Female","student_dob":"6/24/2017","parent_address":"07057 Holmberg Place","parent_contact__number":"797-491-8074","student_user_id":"dmayze26","student_pwd":"oDDgaaN","student_doj":"5/16/2017","student_rating":9,"student_status":false,"teacher_comments":"Duis ac nibh. Fusce lacus purus, aliquet at, feugiat non, pretium quis, lectus. Suspendisse potenti.","mgmt_comments":"Donec odio justo, sollicitudin ut, suscipit a, feugiat et, eros. Vestibulum ac est lacinia nisi venenatis tristique. Fusce congue, diam id ornare imperdiet, sapien urna pretium nisl, ut volutpat sapien arcu sed augue. Aliquam erat volutpat. In congue. Etiam justo. Etiam pretium iaculis justo."},
{"student_id":"S18C-1-Q-8059","student_first_name":"Becca","student_last_name":"Wellings","student_gender":"Female","student_dob":"6/1/2017","parent_address":"22535 Vera Center","parent_contact__number":"869-388-3349","student_user_id":"bwellings27","student_pwd":"6LYA8lj2","student_doj":"6/18/2017","student_rating":5,"student_status":false,"teacher_comments":"Quisque ut erat. Curabitur gravida nisi at nibh. In hac habitasse platea dictumst.","mgmt_comments":"Ut at dolor quis odio consequat varius. Integer ac leo. Pellentesque ultrices mattis odio. Donec vitae nisi. Nam ultrices, libero non mattis pulvinar, nulla pede ullamcorper augue, a suscipit nulla elit ac nulla. Sed vel enim sit amet nunc viverra dapibus. Nulla suscipit ligula in lacus. Curabitur at ipsum ac tellus semper interdum. Mauris ullamcorper purus sit amet nulla."},
{"student_id":"S18C-7-K-1304","student_first_name":"Tobe","student_last_name":"Kordova","student_gender":"Male","student_dob":"4/7/2017","parent_address":"65966 Eastlawn Plaza","parent_contact__number":"813-587-2328","student_user_id":"tkordova28","student_pwd":"NZhIKfzD5WL","student_doj":"6/9/2017","student_rating":5,"student_status":true,"teacher_comments":"Nulla ac enim. In tempor, turpis nec euismod scelerisque, quam turpis adipiscing lorem, vitae mattis nibh ligula nec sem. Duis aliquam convallis nunc.","mgmt_comments":"Mauris enim leo, rhoncus sed, vestibulum sit amet, cursus id, turpis. Integer aliquet, massa id lobortis convallis, tortor risus dapibus augue, vel accumsan tellus nisi eu orci. Mauris lacinia sapien quis libero."},
{"student_id":"S18C-2-H-2805","student_first_name":"Tammie","student_last_name":"Tenaunt","student_gender":"Male","student_dob":"2/20/2017","parent_address":"84991 Del Mar Drive","parent_contact__number":"788-541-5493","student_user_id":"ttenaunt29","student_pwd":"B3LIqvBR","student_doj":"8/8/2017","student_rating":0,"student_status":true,"teacher_comments":"Suspendisse accumsan tortor quis turpis. Sed ante. Vivamus tortor. Duis mattis egestas metus. Aenean fermentum. Donec ut mauris eget massa tempor convallis. Nulla neque libero, convallis eget, eleifend luctus, ultricies eu, nibh. Quisque id justo sit amet sapien dignissim vestibulum.","mgmt_comments":"Maecenas tincidunt lacus at velit. Vivamus vel nulla eget eros elementum pellentesque. Quisque porta volutpat erat. Quisque erat eros, viverra eget, congue eget, semper rutrum, nulla."},
{"student_id":"S18C-5-P-0832","student_first_name":"Leupold","student_last_name":"Fowlds","student_gender":"Male","student_dob":"5/25/2017","parent_address":"62 Melody Hill","parent_contact__number":"178-660-3661","student_user_id":"lfowlds2a","student_pwd":"xFyJHkrz3","student_doj":"5/14/2017","student_rating":10,"student_status":true,"teacher_comments":"Duis consequat dui nec nisi volutpat eleifend. Donec ut dolor. Morbi vel lectus in quam fringilla rhoncus. Mauris enim leo, rhoncus sed, vestibulum sit amet, cursus id, turpis. Integer aliquet, massa id lobortis convallis, tortor risus dapibus augue, vel accumsan tellus nisi eu orci. Mauris lacinia sapien quis libero. Nullam sit amet turpis elementum ligula vehicula consequat.","mgmt_comments":"Nulla ac enim. In tempor, turpis nec euismod scelerisque, quam turpis adipiscing lorem, vitae mattis nibh ligula nec sem. Duis aliquam convallis nunc. Proin at turpis a pede posuere nonummy. Integer non velit. Donec diam neque, vestibulum eget, vulputate ut, ultrices vel, augue. Vestibulum ante ipsum primis in faucibus orci luctus et ultrices posuere cubilia Curae; Donec pharetra, magna vestibulum aliquet ultrices, erat tortor sollicitudin mi, sit amet lobortis sapien sapien non mi. Integer ac neque. Duis bibendum. Morbi non quam nec dui luctus rutrum."},
{"student_id":"S18C-0-V-2275","student_first_name":"Hurlee","student_last_name":"Konmann","student_gender":"Male","student_dob":"9/24/2016","parent_address":"6384 Wayridge Plaza","parent_contact__number":"346-251-4459","student_user_id":"hkonmann2b","student_pwd":"FZ59NU1V2b","student_doj":"4/29/2017","student_rating":6,"student_status":false,"teacher_comments":"Etiam faucibus cursus urna. Ut tellus. Nulla ut erat id mauris vulputate elementum. Nullam varius. Nulla facilisi. Cras non velit nec nisi vulputate nonummy.","mgmt_comments":"Nulla suscipit ligula in lacus. Curabitur at ipsum ac tellus semper interdum. Mauris ullamcorper purus sit amet nulla."},
{"student_id":"S18C-8-S-7849","student_first_name":"Salli","student_last_name":"Bindley","student_gender":"Female","student_dob":"4/29/2017","parent_address":"3 Derek Circle","parent_contact__number":"338-929-7560","student_user_id":"sbindley2c","student_pwd":"OTVlq5","student_doj":"9/12/2017","student_rating":6,"student_status":true,"teacher_comments":"Etiam justo. Etiam pretium iaculis justo.","mgmt_comments":"Vestibulum ante ipsum primis in faucibus orci luctus et ultrices posuere cubilia Curae; Donec pharetra, magna vestibulum aliquet ultrices, erat tortor sollicitudin mi, sit amet lobortis sapien sapien non mi. Integer ac neque. Duis bibendum."},
{"student_id":"S18C-3-P-8544","student_first_name":"Stephannie","student_last_name":"Cornelleau","student_gender":"Female","student_dob":"8/28/2017","parent_address":"7 Brickson Park Parkway","parent_contact__number":"144-272-1287","student_user_id":"scornelleau2d","student_pwd":"pLCzhsdZ6","student_doj":"12/30/2016","student_rating":1,"student_status":false,"teacher_comments":"Mauris lacinia sapien quis libero. Nullam sit amet turpis elementum ligula vehicula consequat. Morbi a ipsum. Integer a nibh. In quis justo. Maecenas rhoncus aliquam lacus. Morbi quis tortor id nulla ultrices aliquet.","mgmt_comments":"Duis at velit eu est congue elementum. In hac habitasse platea dictumst."},
{"student_id":"S18C-0-O-7191","student_first_name":"Yasmeen","student_last_name":"Swedeland","student_gender":"Female","student_dob":"6/30/2017","parent_address":"3 Cody Circle","parent_contact__number":"526-112-2584","student_user_id":"yswedeland2e","student_pwd":"L3MmKSnFmaZ","student_doj":"6/3/2017","student_rating":2,"student_status":true,"teacher_comments":"Duis mattis egestas metus. Aenean fermentum. Donec ut mauris eget massa tempor convallis.","mgmt_comments":"Quisque erat eros, viverra eget, congue eget, semper rutrum, nulla. Nunc purus. Phasellus in felis. Donec semper sapien a libero. Nam dui. Proin leo odio, porttitor id, consequat in, consequat ut, nulla. Sed accumsan felis. Ut at dolor quis odio consequat varius. Integer ac leo."},
{"student_id":"S18C-2-A-2635","student_first_name":"Erhart","student_last_name":"Bulteel","student_gender":"Male","student_dob":"1/23/2017","parent_address":"770 Vidon Plaza","parent_contact__number":"471-481-3337","student_user_id":"ebulteel2f","student_pwd":"QdAhKg","student_doj":"9/11/2017","student_rating":10,"student_status":false,"teacher_comments":"Vestibulum ac est lacinia nisi venenatis tristique. Fusce congue, diam id ornare imperdiet, sapien urna pretium nisl, ut volutpat sapien arcu sed augue.","mgmt_comments":"Nunc nisl. Duis bibendum, felis sed interdum venenatis, turpis enim blandit mi, in porttitor pede justo eu massa. Donec dapibus. Duis at velit eu est congue elementum. In hac habitasse platea dictumst. Morbi vestibulum, velit id pretium iaculis, diam erat fermentum justo, nec condimentum neque sapien placerat ante. Nulla justo."},
{"student_id":"S18C-6-Y-8474","student_first_name":"Herrick","student_last_name":"Brunning","student_gender":"Male","student_dob":"4/22/2017","parent_address":"5 Clove Lane","parent_contact__number":"525-816-2639","student_user_id":"hbrunning2g","student_pwd":"5QtptIMR","student_doj":"7/10/2017","student_rating":10,"student_status":false,"teacher_comments":"Maecenas rhoncus aliquam lacus. Morbi quis tortor id nulla ultrices aliquet. Maecenas leo odio, condimentum id, luctus nec, molestie sed, justo. Pellentesque viverra pede ac diam. Cras pellentesque volutpat dui. Maecenas tristique, est et tempus semper, est quam pharetra magna, ac consequat metus sapien ut nunc.","mgmt_comments":"Nulla ut erat id mauris vulputate elementum. Nullam varius. Nulla facilisi. Cras non velit nec nisi vulputate nonummy. Maecenas tincidunt lacus at velit."},
{"student_id":"S18C-8-Z-0897","student_first_name":"Cynthy","student_last_name":"Muehle","student_gender":"Female","student_dob":"9/26/2016","parent_address":"65 Clarendon Plaza","parent_contact__number":"720-688-2383","student_user_id":"cmuehle2h","student_pwd":"SnjHjgjeNlF","student_doj":"2/18/2017","student_rating":9,"student_status":true,"teacher_comments":"Pellentesque viverra pede ac diam. Cras pellentesque volutpat dui. Maecenas tristique, est et tempus semper, est quam pharetra magna, ac consequat metus sapien ut nunc. Vestibulum ante ipsum primis in faucibus orci luctus et ultrices posuere cubilia Curae; Mauris viverra diam vitae quam. Suspendisse potenti. Nullam porttitor lacus at turpis. Donec posuere metus vitae ipsum.","mgmt_comments":"Phasellus id sapien in sapien iaculis congue. Vivamus metus arcu, adipiscing molestie, hendrerit at, vulputate vitae, nisl. Aenean lectus. Pellentesque eget nunc. Donec quis orci eget orci vehicula condimentum. Curabitur in libero ut massa volutpat convallis. Morbi odio odio, elementum eu, interdum eu, tincidunt in, leo. Maecenas pulvinar lobortis est."},
{"student_id":"S18C-3-M-3712","student_first_name":"Frans","student_last_name":"Jandera","student_gender":"Male","student_dob":"1/27/2017","parent_address":"39 Roxbury Point","parent_contact__number":"969-634-2164","student_user_id":"fjandera2i","student_pwd":"ZkECu0ZjT","student_doj":"10/19/2016","student_rating":9,"student_status":true,"teacher_comments":"Pellentesque at nulla. Suspendisse potenti. Cras in purus eu magna vulputate luctus. Cum sociis natoque penatibus et magnis dis parturient montes, nascetur ridiculus mus. Vivamus vestibulum sagittis sapien. Cum sociis natoque penatibus et magnis dis parturient montes, nascetur ridiculus mus. Etiam vel augue. Vestibulum rutrum rutrum neque.","mgmt_comments":"Aliquam non mauris. Morbi non lectus. Aliquam sit amet diam in magna bibendum imperdiet. Nullam orci pede, venenatis non, sodales sed, tincidunt eu, felis. Fusce posuere felis sed lacus. Morbi sem mauris, laoreet ut, rhoncus aliquet, pulvinar sed, nisl."},
{"student_id":"S18C-2-Y-1218","student_first_name":"Alexio","student_last_name":"Taylorson","student_gender":"Male","student_dob":"12/16/2016","parent_address":"9512 Summerview Alley","parent_contact__number":"102-588-2943","student_user_id":"ataylorson2j","student_pwd":"NsMHjWZIQk","student_doj":"12/24/2016","student_rating":6,"student_status":false,"teacher_comments":"Donec ut mauris eget massa tempor convallis. Nulla neque libero, convallis eget, eleifend luctus, ultricies eu, nibh. Quisque id justo sit amet sapien dignissim vestibulum. Vestibulum ante ipsum primis in faucibus orci luctus et ultrices posuere cubilia Curae; Nulla dapibus dolor vel est. Donec odio justo, sollicitudin ut, suscipit a, feugiat et, eros. Vestibulum ac est lacinia nisi venenatis tristique. Fusce congue, diam id ornare imperdiet, sapien urna pretium nisl, ut volutpat sapien arcu sed augue. Aliquam erat volutpat.","mgmt_comments":"Mauris ullamcorper purus sit amet nulla."},
{"student_id":"S18C-4-I-1279","student_first_name":"Jackson","student_last_name":"Nequest","student_gender":"Male","student_dob":"6/23/2017","parent_address":"70 Kim Pass","parent_contact__number":"527-669-0032","student_user_id":"jnequest2k","student_pwd":"bHwRnQP7I","student_doj":"5/18/2017","student_rating":5,"student_status":true,"teacher_comments":"Fusce consequat. Nulla nisl. Nunc nisl. Duis bibendum, felis sed interdum venenatis, turpis enim blandit mi, in porttitor pede justo eu massa. Donec dapibus. Duis at velit eu est congue elementum. In hac habitasse platea dictumst. Morbi vestibulum, velit id pretium iaculis, diam erat fermentum justo, nec condimentum neque sapien placerat ante. Nulla justo. Aliquam quis turpis eget elit sodales scelerisque.","mgmt_comments":"Morbi vel lectus in quam fringilla rhoncus. Mauris enim leo, rhoncus sed, vestibulum sit amet, cursus id, turpis. Integer aliquet, massa id lobortis convallis, tortor risus dapibus augue, vel accumsan tellus nisi eu orci."},
{"student_id":"S18C-3-E-6326","student_first_name":"Flemming","student_last_name":"Awty","student_gender":"Male","student_dob":"2/10/2017","parent_address":"79200 Holy Cross Pass","parent_contact__number":"740-950-6125","student_user_id":"fawty2l","student_pwd":"Z97fe92VGsp","student_doj":"1/30/2017","student_rating":7,"student_status":false,"teacher_comments":"Donec dapibus. Duis at velit eu est congue elementum.","mgmt_comments":"Duis ac nibh. Fusce lacus purus, aliquet at, feugiat non, pretium quis, lectus. Suspendisse potenti. In eleifend quam a odio. In hac habitasse platea dictumst. Maecenas ut massa quis augue luctus tincidunt. Nulla mollis molestie lorem. Quisque ut erat."},
{"student_id":"S18C-9-K-8304","student_first_name":"Ailene","student_last_name":"Ballay","student_gender":"Female","student_dob":"10/12/2016","parent_address":"10 Clove Junction","parent_contact__number":"826-278-0549","student_user_id":"aballay2m","student_pwd":"sGpaYo5S","student_doj":"2/16/2017","student_rating":2,"student_status":true,"teacher_comments":"In congue. Etiam justo. Etiam pretium iaculis justo. In hac habitasse platea dictumst. Etiam faucibus cursus urna.","mgmt_comments":"Vivamus vel nulla eget eros elementum pellentesque. Quisque porta volutpat erat. Quisque erat eros, viverra eget, congue eget, semper rutrum, nulla. Nunc purus. Phasellus in felis. Donec semper sapien a libero. Nam dui."},
{"student_id":"S18C-3-T-5488","student_first_name":"Tabina","student_last_name":"Wooderson","student_gender":"Female","student_dob":"12/31/2016","parent_address":"8580 Summer Ridge Hill","parent_contact__number":"450-101-7583","student_user_id":"twooderson2n","student_pwd":"rU6ESmOeywL","student_doj":"9/11/2017","student_rating":1,"student_status":false,"teacher_comments":"Donec ut mauris eget massa tempor convallis. Nulla neque libero, convallis eget, eleifend luctus, ultricies eu, nibh. Quisque id justo sit amet sapien dignissim vestibulum. Vestibulum ante ipsum primis in faucibus orci luctus et ultrices posuere cubilia Curae; Nulla dapibus dolor vel est. Donec odio justo, sollicitudin ut, suscipit a, feugiat et, eros. Vestibulum ac est lacinia nisi venenatis tristique. Fusce congue, diam id ornare imperdiet, sapien urna pretium nisl, ut volutpat sapien arcu sed augue. Aliquam erat volutpat. In congue. Etiam justo.","mgmt_comments":"Suspendisse potenti. In eleifend quam a odio. In hac habitasse platea dictumst. Maecenas ut massa quis augue luctus tincidunt. Nulla mollis molestie lorem. Quisque ut erat."},
{"student_id":"S18C-8-S-2164","student_first_name":"Felita","student_last_name":"Zorro","student_gender":"Female","student_dob":"4/27/2017","parent_address":"22 Mifflin Alley","parent_contact__number":"776-918-4098","student_user_id":"fzorro2o","student_pwd":"yqmvVc","student_doj":"11/13/2016","student_rating":8,"student_status":true,"teacher_comments":"Aliquam quis turpis eget elit sodales scelerisque. Mauris sit amet eros. Suspendisse accumsan tortor quis turpis. Sed ante. Vivamus tortor. Duis mattis egestas metus. Aenean fermentum.","mgmt_comments":"In blandit ultrices enim. Lorem ipsum dolor sit amet, consectetuer adipiscing elit. Proin interdum mauris non ligula pellentesque ultrices."},
{"student_id":"S18C-1-G-1991","student_first_name":"Abelard","student_last_name":"Faier","student_gender":"Male","student_dob":"3/22/2017","parent_address":"5 Cottonwood Crossing","parent_contact__number":"414-736-8574","student_user_id":"afaier2p","student_pwd":"w3q1QpDP","student_doj":"5/25/2017","student_rating":9,"student_status":true,"teacher_comments":"Nam nulla. Integer pede justo, lacinia eget, tincidunt eget, tempus vel, pede. Morbi porttitor lorem id ligula. Suspendisse ornare consequat lectus. In est risus, auctor sed, tristique in, tempus sit amet, sem. Fusce consequat. Nulla nisl. Nunc nisl. Duis bibendum, felis sed interdum venenatis, turpis enim blandit mi, in porttitor pede justo eu massa. Donec dapibus.","mgmt_comments":"Pellentesque at nulla. Suspendisse potenti. Cras in purus eu magna vulputate luctus. Cum sociis natoque penatibus et magnis dis parturient montes, nascetur ridiculus mus. Vivamus vestibulum sagittis sapien. Cum sociis natoque penatibus et magnis dis parturient montes, nascetur ridiculus mus. Etiam vel augue. Vestibulum rutrum rutrum neque."},
{"student_id":"S18C-7-L-9482","student_first_name":"Jeramey","student_last_name":"Hellewell","student_gender":"Male","student_dob":"8/14/2017","parent_address":"3297 Hanover Crossing","parent_contact__number":"788-590-2564","student_user_id":"jhellewell2q","student_pwd":"xMxtBOt","student_doj":"7/20/2017","student_rating":8,"student_status":false,"teacher_comments":"Donec vitae nisi. Nam ultrices, libero non mattis pulvinar, nulla pede ullamcorper augue, a suscipit nulla elit ac nulla. Sed vel enim sit amet nunc viverra dapibus. Nulla suscipit ligula in lacus. Curabitur at ipsum ac tellus semper interdum. Mauris ullamcorper purus sit amet nulla.","mgmt_comments":"Duis ac nibh. Fusce lacus purus, aliquet at, feugiat non, pretium quis, lectus. Suspendisse potenti. In eleifend quam a odio. In hac habitasse platea dictumst."},
{"student_id":"S18C-2-N-6048","student_first_name":"Joete","student_last_name":"Nortunen","student_gender":"Female","student_dob":"8/9/2017","parent_address":"70 Messerschmidt Lane","parent_contact__number":"739-675-9497","student_user_id":"jnortunen2r","student_pwd":"jxIC5E","student_doj":"11/4/2016","student_rating":3,"student_status":true,"teacher_comments":"Vestibulum ac est lacinia nisi venenatis tristique. Fusce congue, diam id ornare imperdiet, sapien urna pretium nisl, ut volutpat sapien arcu sed augue. Aliquam erat volutpat. In congue. Etiam justo. Etiam pretium iaculis justo. In hac habitasse platea dictumst. Etiam faucibus cursus urna. Ut tellus. Nulla ut erat id mauris vulputate elementum.","mgmt_comments":"Integer pede justo, lacinia eget, tincidunt eget, tempus vel, pede. Morbi porttitor lorem id ligula."}]